word,frequency
cid,16851
-,6670
human,2193
model,2052
agent,1947
system,1674
datum,1382
agentic,1322
development,1280
other,1271
index,1265
intelligence,1259
artificial,1121
technology,1045
task,923
new,859
use,851
source,850
people,774
country,754
base,724
across,724
work,723
high,715
value,709
year,709
risk,686
time,678
language,672
content,665
digital,639
arxiv,638
research,620
large,610
include,610
ai,610
tool,598
social,593
organization,585
access,568
service,541
machine,532
increase,531
world,529
process,523
learn,509
global,501
performance,499
impact,495
need,480
united,479
example,463
science,456
company,453
user,444
see,440
economic,427
information,426
level,425
improve,421
education,421
make,420
business,415
change,411
case,409
health,405
decision,403
many,399
public,397
drive,397
preview,397
capability,395
customer,395
data,392
require,388
lead,387
benchmark,384
power,381
support,379
potential,375
policy,367
governance,366
review,364
challenge,362
scale,358
generative,355
skill,355
design,351
survey,348
application,347
national,347
way,346
investment,345
enable,341
provide,336
action,335
job,333
innovation,331
number,328
develop,326
care,325
like,323
workflow,323
platform,322
help,321
worker,321
even,320
management,320
chart,319
cost,312
create,311
build,309
low,307
market,304
choice,304
adoption,301
generate,301
life,301
relate,300
industry,297
enhance,296
approach,296
take,293
agency,293
future,291
role,290
context,290
medium,288
paper,288
llm,282
tion,282
training,280
hdi,279
ensure,278
team,276
focus,275
real,272
bias,272
state,271
software,271
image,271
states,271
age,270
code,265
technical,265
result,263
interaction,263
environment,261
specific,261
learning,260
often,259
control,258
opportunity,257
economy,255
reduce,254
highlight,253
open,252
remain,246
well,246
show,246
international,246
evaluation,245
shape,242
automate,241
early,240
follow,240
complex,238
journal,238
advance,237
demand,235
ability,235
framework,235
identify,234
key,232
group,232
different,231
percent,231
without,230
foundation,230
area,230
share,230
responsible,230
report,229
benefit,229
deployment,227
individual,227
safety,226
train,226
productivity,225
question,225
give,223
china,222
automation,221
understand,219
knowledge,219
woman,219
evaluate,217
set,216
sector,216
operation,215
product,215
become,215
solution,215
within,214
outcome,213
among,212
nature,212
deploy,210
publication,210
computer,210
income,210
network,208
financial,208
problem,207
growth,207
practice,206
expect,204
significant,203
function,202
dataset,201
emerge,199
google,199
government,199
robot,198
per,198
total,197
trust,197
response,197
ing,197
preprint,197
enterprise,196
note,196
exist,195
rate,195
respondent,195
university,195
billion,193
long,192
expand,190
security,189
output,189
trend,188
firm,188
less,188
standard,188
grow,188
gain,187
reasoning,187
gap,187
medicine,187
experience,186
medical,186
leader,185
end,185
measure,185
since,184
insight,183
internet,183
strategy,182
top,182
issue,182
rather,182
general,182
critical,181
beyond,181
point,181
available,180
offer,180
find,178
term,178
score,178
address,177
partner,176
tech,176
estimate,176
old,175
must,175
goal,175
shift,174
current,174
generation,174
test,174
healthcare,173
range,172
recent,172
multiple,172
effect,172
oecd,172
technological,171
small,171
achieve,171
quality,171
in-,171
wang,169
right,169
continue,168
student,168
define,167
good,167
gender,167
consider,166
allow,166
likely,166
resource,166
school,166
monitor,165
efficiency,165
to,164
release,164
structure,164
autonomous,164
act,163
plan,163
notable,163
important,162
child,162
mean,161
law,161
clinical,161
text,161
compute,160
manage,160
assess,160
online,160
infrastructure,159
progress,158
algorithm,158
video,158
rise,157
update,157
society,157
proceeding,157
around,156
great,156
inequality,156
particularly,155
privacy,155
institute,155
fast,153
advanced,153
sale,152
field,152
million,152
conference,152
broad,151
developer,149
perform,149
step,149
much,148
effort,148
still,147
communication,147
project,146
regulation,146
integrate,146
operate,146
concern,146
employee,145
whether,145
chain,145
perspective,145
evolve,144
form,144
domain,143
evidence,143
call,142
researcher,142
robotic,141
apply,141
input,140
augment,140
scientific,140
young,140
adopt,138
narrative,138
zhang,138
introduce,137
autonomy,137
pattern,136
type,136
various,136
deliver,135
next,135
feature,135
come,134
computing,133
engineering,133
chatbot,132
labour,132
talent,131
face,131
behaviour,131
harm,131
move,130
transparency,130
ment,130
establish,129
supply,129
institution,129
align,129
significantly,129
instance,129
openai,127
compare,127
collaboration,127
average,127
protein,127
strategic,126
solve,125
bank,125
south,125
oversight,125
algorithmic,125
part,124
region,124
office,124
re-,124
already,122
leverage,122
reflect,122
chen,122
rai,122
increasingly,121
suggest,121
collective,121
rank,121
today,120
traditional,120
major,120
industrial,120
percentage,120
in,120
activity,120
gpt-,120
population,120
guide,120
republic,120
clear,119
search,119
cloud,119
view,119
involve,119
database,119
mental,119
private,118
center,118
prompt,118
present,118
nations,118
self,117
past,117
deep,117
reason,117
energy,117
assessment,117
political,116
accuracy,116
promote,116
limit,115
revenue,115
integration,115
the,115
expertise,115
full,114
big,114
classification,114
building,113
workforce,113
vision,113
purpose,112
know,112
patient,112
de-,112
academy,112
several,111
account,111
influence,111
rule,111
compliance,111
select,111
behavior,111
refer,111
associate,110
start,110
local,110
method,110
interact,110
expert,109
sciences,109
reach,108
explore,108
ecosystem,108
towards,108
document,107
accelerate,107
launch,107
execute,107
ethical,107
pool,107
operational,106
